[
    {
        "id": 30,
        "name": "iphone11",
        "classification": "手机",
        "price": "1111111",
        "cover": "upload_c997390fdeb2cf0da08faafc0e03bb26.png"
    },
    {
        "id": 29,
        "classification": "家居",
        "name": "创维（SKYWORTH）50V20 50英寸4K超高清",
        "price": 149900,
        "cover": "0c36b11834fa2ce5.jpg"
    },
    {
        "id": 28,
        "classification": "家居",
        "name": "康佳（KONKA）LED55D6 55英寸",
        "price": 169900,
        "cover": "27c61e8fe9e921d3.jpg"
    },
    {
        "id": 27,
        "classification": "家居",
        "name": "乐视（Letv）超级电视 Y32 32英寸",
        "price": 63900,
        "cover": "74af09c899df616d.jpg"
    },
    {
        "id": 26,
        "classification": "家居",
        "name": "海信（Hisense）HZ55E3D-J 55英寸 E3D京享版",
        "price": 169900,
        "cover": "ae9d5fbee103262b.jpg"
    },
    {
        "id": 25,
        "classification": "家居",
        "name": "TCL 55L680 55英寸液晶电视机",
        "price": 169900,
        "cover": "f98185309b92dd5b.jpg"
    },
    {
        "id": 24,
        "classification": "家居",
        "name": "飞利浦（PHILIPS）55PUF7294/T3 55英寸",
        "price": 209900,
        "cover": "871f688468c19598.jpg"
    },
    {
        "id": 23,
        "classification": "家居",
        "name": "康佳KKTV K32C 32英寸窄边高清节能护眼液晶平板电视",
        "price": 59900,
        "cover": "1b0c619e070aed76.jpg"
    },
    {
        "id": 22,
        "classification": "家居",
        "name": "长虹55D8P 55英寸液晶电视机",
        "price": 369900,
        "cover": "d30ebbc320873dbd.jpg"
    },
    {
        "id": 21,
        "classification": "家居",
        "name": "小米电视4X 43英寸",
        "price": 109900,
        "cover": "8f46cb2c09a10ec4.jpg"
    },
    {
        "id": 20,
        "classification": "笔记本",
        "name": "机械革命(MECHREVO)S1 Pro",
        "price": 397900,
        "cover": "66a2a483cbabb7b2.jpg"
    },
    {
        "id": 19,
        "classification": "笔记本",
        "name": "外星人（Alienware）AREA-A51M M15M17新款",
        "price": 2539900,
        "cover": "0215962626ec524b.jpg"
    },
    {
        "id": 18,
        "classification": "笔记本",
        "name": "Apple 2019款 MacBook Pro 13.3",
        "price": 1108800,
        "cover": "c39fe0cb7ab36c13.jpg"
    },
    {
        "id": 17,
        "classification": "笔记本",
        "name": "Apple苹果MacBook Pro15.4英寸/16英寸",
        "price": 2219900,
        "cover": "3b29d7c76c86d5a1.jpg"
    },
    {
        "id": 16,
        "classification": "笔记本",
        "name": "荣耀MagicBook Pro",
        "price": 459900,
        "cover": "feb860a77684cb42.jpg"
    },
    {
        "id": 15,
        "classification": "笔记本",
        "name": "RedmiBook 14 增强版",
        "price": 398900,
        "cover": "8ab1131edad29d20.jpg"
    },
    {
        "id": 14,
        "classification": "笔记本",
        "name": "华为(HUAWEI) MateBook D",
        "price": 429900,
        "cover": "d0afc89316d02270.jpg"
    },
    {
        "id": 13,
        "classification": "笔记本",
        "name": "联想(Lenovo)小新15",
        "price": 559900,
        "cover": "87effede1b943c01.jpg"
    },
    {
        "id": 12,
        "classification": "笔记本",
        "name": "联想(Lenovo)小新Pro13",
        "price": 629900,
        "cover": "de78d3d1c7630b3b.jpg"
    },
    {
        "id": 11,
        "classification": "笔记本",
        "name": "联想(Lenovo)小新Pro13锐龙版",
        "price": 499900,
        "cover": "aa22c3af40ec7b52.jpg"
    },
    {
        "id": 10,
        "classification": "笔记本",
        "name": "联想(Lenovo)小新Air14 2020性能版",
        "price": 549900,
        "cover": "14ae6bae4f0ceea4.jpg"
    },
    {
        "id": 9,
        "classification": "手机",
        "name": "荣耀Play3",
        "price": 99900,
        "cover": "96717b886222b91b.jpg"
    },
    {
        "id": 8,
        "classification": "手机",
        "name": "荣耀20 PRO",
        "price": 229900,
        "cover": "62cf191f88e41447.jpg"
    },
    {
        "id": 7,
        "classification": "手机",
        "name": "荣耀Play4T",
        "price": 119900,
        "cover": "993a7456c638b93b.jpg"
    },
    {
        "id": 6,
        "classification": "手机",
        "name": "华为nova7",
        "price": 299900,
        "cover": "b03c1199e47f0661.jpg"
    },
    {
        "id": 5,
        "classification": "手机",
        "name": "Apple iPhone SE",
        "price": 379900,
        "cover": "bb5874532c7633ab.jpg"
    },
    {
        "id": 4,
        "classification": "手机",
        "name": "荣耀Play4T Pro",
        "price": 149900,
        "cover": "d2db1412dcce1d96.jpg"
    },
    {
        "id": 3,
        "classification": "手机",
        "name": "荣耀20青春版",
        "price": 119900,
        "cover": "79c4d1ea436ed9ea.jpg"
    },
    {
        "id": 2,
        "classification": "手机",
        "name": "Redmi 8A",
        "price": 69900,
        "cover": "68d0ac29ce4a326d.jpg"
    },
    {
        "id": 1,
        "classification": "手机",
        "name": "荣耀9X",
        "price": 129900,
        "cover": "dc5164850933d966.jpg"
    }
]